{
   "Produkty":[
       {
       "type":"Samochody",
       "items":["BMW","Ferrari", "Audi","Ford"]
       },
       {
           "type":"Słodycze",
           "items":["cukierki", "lizaki", "batoniki"]
           },
           
       {
           "type":"Elektronika",
           "items":["laptop", "telefon", "smartwatch", "telewizor"]
           },
           
       {
           "type":"Ubrania",
           "items":["buty", "spodnie", "kurtka", "czapka", "szalik", "skarpetki"]
           },
       {
           "type":"Owoce",
           "items":["jabłka", "gruszki", "śliwki"]
       }
   ]
}